{
  "time_step_hours": 1.0,
  "phase1_annual_target_export_tpy": 400000.0,
  "pipeline_annual_capacity_tpy": 5000000.0,
  "locations": {
    "naturgassparken": [
      60.553892,
      4.882342
    ],
    "eos_subsea_template": [
      60.575913400339694,
      3.4416777066688846
    ],
    "c1_injection_well": [
      60.51296134202507,
      3.468345735950719
    ]
  },
  "offshore_pipeline_route": [
    [
      60.553892,
      4.882342
    ],
    [
      60.573583,
      4.892359
    ],
    [
      60.600709,
      4.879335
    ],
    [
      60.625912,
      4.875317
    ],
    [
      60.654857,
      4.860534
    ],
    [
      60.677745,
      4.828899
    ],
    [
      60.699123,
      4.775151
    ],
    [
      60.724967,
      4.721572
    ],
    [
      60.75438,
      4.668093
    ],
    [
      60.783661,
      4.623694
    ],
    [
      60.778931,
      4.568359
    ],
    [
      60.727191,
      4.373316
    ],
    [
      60.67688,
      4.188113
    ],
    [
      60.627209,
      4.003516
    ],
    [
      60.59344,
      3.81984
    ],
    [
      60.580968,
      3.637024
    ],
    [
      60.575913400339694,
      3.4416777066688846
    ]
  ],
  "emitters": [
    {
      "entity_id": "brevik",
      "buffer_capacity_t": 7500.0,
      "min_utilization": 0.0,
      "loading_rate_tph": 800.0,
      "max_production_tph": 56.0,
      "reference_name": "Norcem"
    },
    {
      "entity_id": "celsio",
      "buffer_capacity_t": 7500.0,
      "min_utilization": 0.0,
      "loading_rate_tph": 800.0,
      "max_production_tph": 56.0,
      "reference_name": "Fortum Oslo Varme"
    }
  ],
  "vessels": [
    {
      "entity_id": "northern_pioneer",
      "capacity_t": 7500.0,
      "loading_rate_tph": 800.0,
      "unloading_rate_tph": 800.0,
      "volume_capacity_m3": 7500.0,
      "speed_knots": 14.0
    },
    {
      "entity_id": "northern_pathfinder",
      "capacity_t": 7500.0,
      "loading_rate_tph": 800.0,
      "unloading_rate_tph": 800.0,
      "volume_capacity_m3": 7500.0,
      "speed_knots": 14.0
    }
  ],
  "terminal": {
    "entity_id": "oygarden_terminal",
    "storage_capacity_t": 8000.0,
    "berth_count": 1,
    "site_name": "Naturgassparken (Northern Lights Carbon Capture Plant Site)"
  },
  "pipeline": {
    "entity_id": "oygarden_pipeline",
    "ramp_tph": 150.0,
    "length_km": 100.4,
    "route_color": "#ff0000"
  },
  "manifold": {
    "entity_id": "aurora_subsea_manifold"
  },
  "injection_wells": [
    {
      "entity_id": "aurora_well_a",
      "max_injection_tph": 200.0
    },
    {
      "entity_id": "aurora_well_c",
      "max_injection_tph": 200.0
    }
  ],
  "reservoir": {
    "entity_id": "aurora_reservoir",
    "storage_capacity_t": 1500000.0,
    "initial_pressure_bar": 260.0,
    "pressure_at_capacity_bar": 300.0,
    "max_pressure_bar": 315.0,
    "depth_m": 2600.0,
    "line_source_observation_radii_m": [
      100.0,
      1000.0
    ],
    "line_source_well_distances_m": {
      "aurora_well_a": {
        "aurora_well_c": 7200.0
      },
      "aurora_well_c": {
        "aurora_well_a": 7200.0
      }
    }
  },
  "line_source_parameters": {
    "initial_pressure_bar": 260.0,
    "permeability_md": 100.0,
    "thickness_m": 173.0,
    "porosity_fraction": 0.22,
    "total_compressibility_1_pa": 7e-10,
    "viscosity_pa_s": 6e-05,
    "co2_density_kg_m3": 630.0,
    "well_radius_m": 0.10795,
    "skin": 0.0
  },
  "line_source_parameter_status": {
    "initial_pressure_bar": "selected_from_reported_range",
    "permeability_md": "selected_moderate_value_from_reported_model_range",
    "thickness_m": "reported_model_value",
    "porosity_fraction": "selected_from_reported_model_range",
    "total_compressibility_1_pa": "assumed",
    "viscosity_pa_s": "assumed",
    "co2_density_kg_m3": "assumed",
    "well_radius_m": "derived_from_concept_report",
    "skin": "assumed",
    "line_source_well_distances_m": "approximate_from_public_coordinates"
  }
}
